"Show_ID","Title","Type","Release_Year","Genre","Country","Description"
"1","The Hidden Truth","Movie","2016","Thriller","USA","A detective uncovers secrets in a small town."
"2","Around the World","TV Show","2019","Documentary","UK","Exploring cultures across multiple continents."
"3","Fun Factory","Movie","2012","Comedy","India","Friends open a comedy club in Mumbai."
"4","Space Boundaries","TV Show","2021","Sci-Fi","Canada","Astronauts face mysterious threats in space."
"5","Love Again","Movie","2017","Romance","USA","Two strangers fall in love unexpectedly."
"6","Deep Mysteries","TV Show","2018","Mystery","Australia","Unsolved mysteries from across the globe."
"7","Tech Titans","Movie","2020","Biography","USA","The story of two inventors' rivalry."
"8","Wild Animals","TV Show","2016","Documentary","South Africa","Unique wildlife adventures in Africa."
"9","The Chase","Movie","2014","Action","UK","An undercover cop chases a criminal syndicate."
"10","Climate Watch","TV Show","2022","Documentary","France","The global fight against climate change."
"11","Moonlight Shadow","Movie","2019","Thriller","Japan","Secrets emerge during an eclipse."
"12","Bright Side","TV Show","2017","Comedy","India","Optimism and laughs with a quirky family."
"13","Broken Paths","Movie","2013","Drama","USA","Families reconnect after years apart."
"14","The Artisans","TV Show","2015","Lifestyle","Italy","Exploring crafts and artisan stories."
"15","High Stakes","Movie","2021","Crime","UK","A gambler lands in a dangerous web."
"16","Future Frontiers","TV Show","2020","Sci-Fi","Germany","A glimpse into mankindâ€™s future."
"17","Last Dance","Movie","2015","Romance","France","Two dancers fall in love amidst adversity."
"18","Legends Unmasked","TV Show","2014","Biography","Brazil","The lives of famous personalities revealed."
"19","Laugh Riot","Movie","2018","Comedy","Canada","Stand-up comedians battle for the top spot."
"20","Food Nation","TV Show","2019","Lifestyle","USA","Culinary journeys across all states."
"21","The Lost Island","Movie","2022","Adventure","Australia","Explorers seek a mythical island."
"22","Animal Kingdom","TV Show","2016","Documentary","India","Exploring Indian wildlife."
"23","Dark Waters","Movie","2017","Thriller","UK","A sleepy village hides deadly secrets."
"24","Heartbeats","TV Show","2021","Drama","USA","Medical team faces challenges and hope."
"25","Super Sons","Movie","2020","Action","USA","Two brothers team up to save their city."